№;Дата;Рейдери;Нік
1;22.11.2024 09:48:35;1;vlad_2love 
2;03.12.2024 09:59:30;10;luciussssss_
3;11.12.2024 10:45:53;10;Ba1zerCG 
4;16.12.2024 10:44:29;2;mal9csgo 
5;19.12.2024 09:06:08;3;vlad_2love 
6;06.01.2025 09:49:30;204;D1S4tv 
7;15.01.2025 10:01:48;3;AlmostBoat
8;16.01.2025 09:03:52;4;vlad_2love
9;03.02.2025 08:46:46;5;vlad_2love
10;10.02.2025 08:14:05;2;vlad_2love
11;12.02.2025 11:11:13;4;vlad_2love
12;06.03.2025 11:23:30;2;uapixar
13;21.03.2025 10:03:21;3;the_calmest
14;26.03.2025 10:55:23;16;ElinPlay
15;27.03.2025 10:29:37;2;the_calmest
16;02.04.2025 10:37:21;2;the_calmest
17;03.04.2025 10:30:33;2;the_calmest
18;04.04.2025 10:37:24;2;the_calmest
19;07.04.2025 11:50:32;4;NemesiaUA
20;08.04.2025 10:26:21;7;olejneolej
21;16.05.2025 08:18:43;5;Bananium_
22;16.05.2025 10:12:31;13;ElinPlay
23;19.05.2025 10:01:00;16;ElinPlay
24;19.05.2025 10:54:04;4;uapixar
25;21.05.2025 11:30:29;3;Krian__
26;05.06.2025 08:08:57;5;uapixar
27;13.06.2025 08:16:21;12;Olejandrooo
28;16.06.2025 08:58:55;5;uapixar
29;17.06.2025 08:09:32;47;hevko0
30;18.06.2025 10:38:34;2;the_calmest
31;24.06.2025 09:58:46;10;uapixar
32;01.07.2025 10:04:44;8;ElinPlay
33;01.07.2025 11:48:00;7;NemesiaUA
34;02.07.2025 10:31:15;2;sirozhka_
35;03.07.2025 09:50:07;27;uapixar
36;04.07.2025 08:20:31;1;sirozhka_
37;09.07.2025 09:55:22;6;Mr_iPATRIK
38;11.07.2025 08:32:50;57;MilaTNM
39;24.07.2025 09:16:32;10;uapixar
40;29.07.2025 08:05:43;10;Bananium_
41;04.08.2025 09:22:19;17;Mr_iPATRIK
42;11.08.2025 08:12:14;31;allidarsu
43;11.08.2025 09:22:04;9;Mr_iPATRIK
44;12.08.2025 08:34:34;5;Trickster_Lis
45;21.08.2025 10:51:59;2;that_0ne_fox
46;25.08.2025 10:20:11;3;the_calmest
47;26.08.2025 10:07:18;3;the_calmest
48;27.08.2025 10:21:58;3;the_calmest
49;28.08.2025 09:20:37;9;mr__brom
50;02.09.2025 10:44:21;4;the_calmest
51;03.09.2025 09:43:53;3;the_calmest
52;09.09.2025 08:54:59;11;INF_UA
53;11.09.2025 09:36:19;2;the_calmest
54;16.09.2025 09:18:20;13;ElinPlay
55;26.09.2025 08:05:56;8;baanan4iks
56;29.09.2025 10:29:05;4;ElinPlay
57;30.09.2025 08:20:23;8;ElinPlay
58;07.10.2025 09:01:36;43;PeacekeeperUA
59;17.10.2025 09:07:45;28;mr__brom
60;20.10.2025 09:42:21;49;Marysia_Serhiivna
61;29.10.2025 11:33:16;49;ElinPlay
62;07.11.2025 08:05:56;42;Marysia_Serhiivna
63;13.11.2025 10:01:39;10;ElinPlay
64;21.11.2025 11:06:06;23;ElinPlay
65;28.11.2025 08:05:45;24;Deko6
66;03.12.2025 10:01:12;7;iFobbi
67;10.12.2025 11:44:23;20;UAYarinka
68;12.12.2025 08:59:24;15;AtamanKIT
69;18.12.2025 08:40:31;9;yourpovilitel
70;22.12.2025 11:10:51;7;AkadoPB
71;29.12.2025 08:05:57;5;INF_UA
72;05.01.2026 09:29:59;3;elfimus_ua
73;08.01.2026 11:01:02;4;Krampus_play_
74;09.01.2026 10:08:42;31;mr__brom
75;09.01.2026 10:58:48;25;Pearlynka
76;13.01.2026 11:53:05;3;NemesiaUA
77;14.01.2026 08:06:47;19;Olejandrooo
78;19.01.2026 08:49:34;5;cartm_an
79;02.02.2026 09:27:04;4;NemesiaUA
80;06.02.2026 11:19:37;8;mr__brom
81;11.02.2026 08:13:26;7;fei_rina
82;12.02.2026 08:34:04;30;mr__brom
83;16.02.2026 09:34:16;4;fei_rina
84;17.02.2026 09:27:29;6;EnnoMY
85;19.02.2026 09:21:27;5;INF_UA
86;24.02.2026 11:48:32;2;izumkaua
87;25.02.2026 09:43:49;11;bastetvibe
88;10.03.2026 08:20:39;47;Olejandrooo
89;10.03.2026 09:07:24;10;ElinPlay
90;10.03.2026 11:22:01;5;the_calmest
91;11.03.2026 08:34:20;6;hub_killer
92;11.03.2026 10:52:58;13;ElinPlay
93;17.03.2026 09:37:32;18;jxqwip
94;25.03.2026 10:52:38;2;the_calmest
95;30.03.2026 08:19:00;12;INF_UA
96;31.03.2026 10:04:42;6;azi4ok
97;02.04.2026 09:10:09;9;ElinPlay
98;06.04.2026 11:24:52;8;the_calmest
99;08.04.2026 11:23:03;6;the_calmest
100;09.04.2026 10:04:27;3;BoGRA4
101;10.04.2026 11:53:04;7;Krampus_play_
102;22.04.2026 01:05:17;5;zodiakbc
103;22.04.2026 04:24:16;8;ShagraeL_BY
104;22.04.2026 06:21:13;38;juli_storm
105;22.04.2026 10:06:39;4;BoGRA4
106;22.04.2026 13:27:00;8;Trickster_Lis
107;22.04.2026 15:46:47;12;Sedunox
108;22.04.2026 17:11:25;5;Jane_InGlasses
109;22.04.2026 17:47:28;10;jeleshka____
110;22.04.2026 18:54:02;25;volodymyr5059
111;22.04.2026 19:43:08;20;DMTRNKOO
112;22.04.2026 20:12:58;39;Bar_Ozzi
113;22.04.2026 20:15:28;5;neyron90
114;22.04.2026 21:00:54;14;sviaks
115;22.04.2026 22:47:23;4;vladbelboy
116;23.04.2026 08:59:14;20;juli_storm
117;23.04.2026 09:00:56;1;Run_and_Tanga
118;23.04.2026 11:01:36;4;the_calmest
119;04.05.2026 07:04:26;50;juli_storm
120;04.05.2026 07:18:30;18;karass_b
121;04.05.2026 10:14:04;3;BoGRA4
122;05.05.2026 11:24:29;10;INF_UA
123;06.05.2026 10:12:29;3;BoGRA4
124;08.05.2026 07:53:54;50;karass_b
125;13.05.2026 08:05:21;4;ShagraeL_BY
126;14.05.2026 09:33:56;91;allidarsu
127;19.05.2026 07:00:47;6;ShagraeL_BY
128;19.05.2026 09:27:48;12;hub_killer
129;19.05.2026 11:04:39;7;salvatororo
130;21.05.2026 10:57:29;2;alexaart_live
131;21.05.2026 11:03:24;1;Run_and_Tanga
132;22.05.2026 06:32:48;25;juli_storm 
133;27.05.2026 10:10:27;21;juli_storm 
134;28.05.2026 06:52:16;40;PeacekeeperUA 
135;28.05.2026 10:53:46;5;salvatororo 
136;29.05.2026 10:28:45;5;BoGRA4 
137;01.06.2026 11:06:52;10;the_calmest 
138;02.06.2026 06:45:18;20;INF_UA 
139;05.06.2026 09:05:40;63;allidarsu 
140;08.06.2026 07:10:34;1;TeslaRoom 
141;09.06.2026 06:32:09;1;TeslaRoom 
142;09.06.2026 08:14:53;8;imfine_ 
143;10.06.2026 09:26:07;55;karass_b 
144;11.06.2026 11:44:36;4;alexaart_live 
145;12.06.2026 10:47:31;16;kristelbeet 
146;15.06.2026 07:34:29;5;ShagraeL_BY 
147;16.06.2026 07:38:13;9;mr__brom 
148;17.06.2026 09:00:35;107;karass_b 
149;22.06.2026 11:56:59;17;AuroraKrylova 
150;23.06.2026 10:50:33;4;the_calmest 
151;30.06.2026 09:50:19;14;hub_killer 
152;30.06.2026 11:33:28;3;alexaart_live 
153;01.07.2026 09:12:31;15;vvcherry 
154;09.07.2026 08:56:37;25;allidarsu 
155;24.07.2026 08:21:02;16;sashk0dub 
156;24.07.2026 08:55:45;9;ArdenLich 
157;27.07.2026 06:45:09;33;allidarsu 
158;03.08.2026 07:15:03;1;TeslaRoom 
159;04.08.2026 10:43:47;7;the_calmest 
160;06.08.2026 10:39:26;6;the_calmest 
161;07.08.2026 08:45:46;10;mr__brom 
162;10.08.2026 07:17:42;2;Pab1o 
163;10.08.2026 07:31:08;5;ShagraeL_BY 
164;10.08.2026 08:27:54;37;juli_storm 
165;10.08.2026 11:46:18;13;AuroraKrylova 
166;10.08.2026 11:48:44;7;AuroraKrylova 
167;11.08.2026 07:26:41;9;AkadoPB 
168;11.08.2026 10:03:11;10;BoGRA4 
169;12.08.2026 08:08:36;27;karass_b 
170;12.08.2026 08:49:19;3;nok1mono 
171;17.08.2026 08:03:29;30;igrofeel 
172;19.08.2026 07:55:22;8;ArdenLich 
173;20.08.2026 07:58:34;11;ArdenLich 
174;20.08.2026 10:53:29;10;the_calmest 
175;21.08.2026 06:56:09;24;juli_storm 
176;28.08.2026 08:59:37;18;ArdenLich 
177;02.09.2026 08:57:10;1;Vity_OK 
178;09.09.2026 11:03:33;7;the_calmest 
179;16.09.2026 09:36:52;5;iCrank__ 
180;17.09.2026 10:18:37;10;ihromanych
