Дата;Рейдери;Юзер;ЮзерНейм;ЮзерІд
12.11.2024 11:43:52;0;ElinPlay;elinplay;812988967
13.11.2024 11:47:26;6;artik_ko;artik_ko;483776049
14.11.2024 11:59:05;7;ElinPlay;elinplay;812988967
15.11.2024 11:54:55;7;vlad_2love;vlad_2love;1069220698
18.11.2024 11:54:56;4;icebeergj;icebeergj;709888115
19.11.2024 11:57:56;9;chinaski1996;chinaski1996;603373166
20.11.2024 11:56:29;6;soulful_cake;soulful_cake;1154115137
21.11.2024 10:58:19;8;vlad_2love;vlad_2love;1069220698
22.11.2024 11:41:37;4;Polivalko;polivalko;922829708
25.11.2024 12:00:20;13;Polivalko;polivalko;922829708
26.11.2024 08:54:10;4;luciussssss_;luciussssss_;796189503
26.11.2024 11:50:34;8;yuli_chka_;yuli_chka_;746391123
27.11.2024 11:53:55;5;IIyKIIyK;iiykiiyk;40837300
29.11.2024 11:48:23;2;OldWizzz;oldwizzz;180054737
02.12.2024 11:56:59;4;deneti_mi;deneti_mi;263188165
03.12.2024 11:58:36;4;NeoHomka;neohomka;60413932
04.12.2024 11:56:45;4;Raccoon_WAVE;raccoon_wave;477163037
05.12.2024 10:56:07;5;yuli_chka_;yuli_chka_;746391123
09.12.2024 11:57:52;4;gr1verdik;gr1verdik;1208163142
10.12.2024 11:59:53;6;vidnosno_khvoryi;vidnosno_khvoryi;1087677273
11.12.2024 11:55:54;6;YantaroArt;yantaroart;1156934224
12.12.2024 11:58:31;6;merveilleux5;merveilleux5;456234352
13.12.2024 09:56:41;4;mal9csgo;mal9csgo;646024207
16.12.2024 11:55:42;4;ErnestGrann;ernestgrann;837004119
17.12.2024 12:00:26;6;biduk1983;biduk1983;813470201
18.12.2024 11:56:40;6;James_UA_;james_ua_;1120040928
19.12.2024 11:56:54;6;trickster_lis;trickster_lis;933453321
20.12.2024 11:53:28;7;Polivalko;polivalko;922829708
23.12.2024 11:53:48;6;trickster_lis;trickster_lis;933453321
24.12.2024 11:57:36;6;trickster_lis;trickster_lis;933453321
25.12.2024 10:35:46;7;Sandr_UA;sandr_ua;1208974856
26.12.2024 11:53:01;2;stepaniida;stepaniida;933871002
27.12.2024 11:48:59;5;BBVP1;bbvp1;943180229
01.01.2025 12:03:10;6;sasha_verba;sasha_verba;915523591
02.01.2025 11:45:33;8;NemesiaUA;nemesiaua;279785620
03.01.2025 11:54:12;7;LelouchDG;lelouchdg;190248897
06.01.2025 11:39:33;97;Polivalko;polivalko;922829708
07.01.2025 12:03:37;7;NoriChanneI;norichannei;1060450393
08.01.2025 12:04:40;12;KateR0ni;kater0ni;816232550
09.01.2025 11:55:32;8;anstanilen;noID-anstanilen;1045121524
10.01.2025 12:03:48;9;vadimwild_;vadimwild_;1035371678
13.01.2025 11:51:20;6;TreeshMei;treeshmei;816302201
14.01.2025 12:02:35;7;aistreamerchat;aistreamerchat;1077344384
15.01.2025 11:57:49;9;vlad_2love;vlad_2love;1069220698
16.01.2025 11:50:23;6;artik_ko;artik_ko;483776049
17.01.2025 11:50:40;6;Polivalko;polivalko;922829708
20.01.2025 12:02:40;6;dpvoice;dpvoice;51690920
21.01.2025 11:57:35;6;vlad_2love;vlad_2love;1069220698
22.01.2025 12:00:02;5;Sumyk_;sumyk_;96614584
23.01.2025 12:01:55;8;yuraybb;yuraybb;114125518
24.01.2025 11:59:30;11;Polivalko;polivalko;922829708
27.01.2025 12:08:03;8;Kosssaku;kosssaku;618739944
28.01.2025 12:04:06;12;ANIDOROB;anidorob;1170332853
29.01.2025 11:58:57;8;BeardedDrewUA;beardeddrewua;237398941
30.01.2025 12:01:30;7;desmondua;desmondua;907034076
31.01.2025 12:03:20;9;olejneolej;olejneolej;407627501
03.02.2025 11:59:07;7;vlad_2love;vlad_2love;1069220698
04.02.2025 12:05:50;6;zunraid9;zunraid9;417637523
05.02.2025 11:55:42;7;erik_frak;erik_frak;583760688
06.02.2025 12:02:38;5;vim_tokenfan;vim_tokenfan;46066918
07.02.2025 11:58:25;4;pumpkinn_8;pumpkinn_8;411428879
10.02.2025 11:53:14;8;naazarovich;naazarovich;467175348
11.02.2025 11:52:29;8;vlad_2love;vlad_2love;1069220698
12.02.2025 11:59:09;5;tuttifrutti_play;tuttifrutti_play;1227692028
13.02.2025 11:52:20;10;merveilleux5;merveilleux5;456234352
14.02.2025 11:58:11;10;artemkudaschew;artemkudaschew;684518171
17.02.2025 11:51:19;5;maxvelllion;maxvelllion;120933280
18.02.2025 11:59:27;11;All1bi;all1bi;949124245
19.02.2025 11:56:36;8;rocksteadydubz95;rocksteadydubz95;819250416
20.02.2025 11:59:18;6;HanIngvar;haningvar;230541977
21.02.2025 11:57:13;7;nekoboy_ua;nekoboy_ua;178340664
24.02.2025 11:54:23;10;klein_game;klein_game;1135768296
25.02.2025 12:02:07;9;fate_221;fate_221;440827026
26.02.2025 11:55:44;9;artik_ko;artik_ko;483776049
27.02.2025 12:01:06;13;JVST_frnds;jvst_frnds;185829607
28.02.2025 11:58:27;11;aidenxgo;aidenxgo;517993359
03.03.2025 11:57:25;7;MrXrayMR;mrxraymr;730175509
04.03.2025 11:55:18;11;klein_game;klein_game;1135768296
05.03.2025 11:55:29;12;zeffirna;zeffirna;758354754
06.03.2025 11:53:19;13;aidenxgo;aidenxgo;517993359
07.03.2025 12:05:44;7;NemesiaUA;nemesiaua;279785620
10.03.2025 11:59:51;17;platton9;platton9;416110571
11.03.2025 12:01:20;18;Fjorhein;fjorhein;567880418
12.03.2025 11:58:09;11;603628;603628;47727436
13.03.2025 11:59:34;13;pumpkinn_8;pumpkinn_8;411428879
14.03.2025 11:50:42;12;vlad_2love;vlad_2love;1069220698
17.03.2025 11:58:25;8;olivka006;olivka006;1209151599
18.03.2025 11:54:38;8;acousticua;acousticua;137424542
19.03.2025 11:48:11;8;aldo_vt;aldo_vt;833640735
20.03.2025 11:55:48;9;morok_rk;morok_rk;1228404961
21.03.2025 11:59:57;11;GOATBats;goatbats;1491400957
24.03.2025 11:57:02;14;Ba1zerCG;ba1zercg;219770878
25.03.2025 11:55:57;11;kork0za;kork0za;893639331
26.03.2025 11:55:18;27;mewilis;mewilis;512362191
27.03.2025 11:58:31;7;yuraybb;yuraybb;114125518
28.03.2025 11:56:35;10;sunsafi;sunsafi;1034172527
31.03.2025 11:52:29;6;smile_hamster;smile_hamster;451141720
01.04.2025 11:53:57;4;gardamyyy;gardamyyy;466052166
02.04.2025 11:54:51;9;hevko0;hevko0;913740554
03.04.2025 11:58:14;8;klein_game;klein_game;1135768296
04.04.2025 11:59:31;17;MariaDaedra;mariadaedra;1078773393
07.04.2025 11:56:21;18;meowcore_;meowcore_;429001821
08.04.2025 11:58:29;10;trickster_lis;trickster_lis;933453321
09.04.2025 11:56:54;5;zeffirna;zeffirna;758354754
10.04.2025 12:00:19;6;kseniiakinza;kseniiakinza;270113074
11.04.2025 11:57:52;9;Polivalko;polivalko;922829708
14.04.2025 11:56:04;8;NemesiaUA;nemesiaua;279785620
15.04.2025 12:02:51;13;ne3ver;ne3ver;240030326
16.04.2025 11:57:31;10;anstanilend;anstanilend;1045121524
17.04.2025 11:59:59;14;Krian__;krian__;887893101
18.04.2025 12:02:22;12;lodianyk;lodianyk;192222143
21.04.2025 11:59:20;8;HibikiSanTV;noID-HibikiSanTV;185099792
23.04.2025 00:01:19;10;tisonechko;tisonechko;178104317
23.04.2025 11:58:51;5;mewilis;mewilis;512362191
24.04.2025 11:58:23;7;julia_maznO;julia_mazno;1012190861
25.04.2025 12:01:25;8;Polivalko;polivalko;922829708
28.04.2025 11:57:51;10;Tseyson;tseyson;734092643
29.04.2025 11:56:23;11;julia_maznO;julia_mazno;1012190861
30.04.2025 11:51:51;16;skorasas;noID-skorasas;614118376
01.05.2025 12:02:23;16;Ba1zerCG;ba1zercg;219770878
02.05.2025 12:10:06;10;fraxinusqq;fraxinusqq;238958132
03.05.2025 18:03:53;5;196I;196i;535875163
05.05.2025 11:42:29;15;vlad_2love;vlad_2love;1069220698
06.05.2025 11:52:30;8;I3ORMAN;i3orman;1211447168
07.05.2025 11:51:40;19;radioboyo;radioboyo;1096001927
08.05.2025 12:00:16;15;mewilis;mewilis;512362191
09.05.2025 11:50:04;12;br1ssy;br1ssy;462302935
12.05.2025 12:00:05;13;AtamanKIT;atamankit;856790187
13.05.2025 11:52:36;13;pumpkinn_8;pumpkinn_8;411428879
13.05.2025 21:00:50;3;Bananium_;bananium_;96196417
14.05.2025 11:58:31;20;BookThiefMiko;bookthiefmiko;189165271
15.05.2025 11:49:36;16;Riomyri;riomyri;802386806
16.05.2025 11:52:38;17;meowsay_;meowsay_;183458719
19.05.2025 11:51:58;22;HAr0PA;har0pa;934126389
20.05.2025 12:03:14;6;pumpkinn_8;pumpkinn_8;411428879
21.05.2025 11:57:33;10;pani_soloha;pani_soloha;1275741243
22.05.2025 11:58:02;11;maryashik;maryashik;653124098
23.05.2025 11:54:37;9;fujihira28;fujihira28;774237733
26.05.2025 12:05:37;17;ElinPlay;elinplay;812988967
27.05.2025 11:57:01;14;Mamai_tv;noID-Mamai_tv;279169333
28.05.2025 11:57:19;19;quarryck;quarryck;72083925
29.05.2025 11:53:02;10;pumpkinn_8;pumpkinn_8;411428879
30.05.2025 11:51:55;15;vlad_2love;vlad_2love;1069220698
02.06.2025 11:55:13;16;diduspisdos;noID-diduspisdos;834150855
03.06.2025 11:57:31;11;kristelbeet;kristelbeet;893952897
04.06.2025 11:52:42;12;amanenana;amanenana;669884169
05.06.2025 12:17:37;21;mewilis;mewilis;512362191
06.06.2025 11:50:36;13;iRocky_X;irocky_x;57891156
09.06.2025 11:51:40;15;NemesiaUA;nemesiaua;279785620
10.06.2025 11:57:59;16;naazarovich;naazarovich;467175348
11.06.2025 11:48:40;16;uapixar;uapixar;51555329
12.06.2025 11:52:10;10;SilencioMax;silenciomax;70430724
13.06.2025 11:46:58;13;did_cArp;did_carp;484291548
16.06.2025 12:07:50;21;Polivalko;polivalko;922829708
17.06.2025 11:49:03;20;uapixar;uapixar;51555329
18.06.2025 11:49:17;17;Potishka;potishka;180724833
19.06.2025 11:54:06;10;kempachi_tv;kempachi_tv;135144489
20.06.2025 11:55:27;10;hevko0;hevko0;913740554
23.06.2025 11:51:05;11;Sandman__UA;sandman__ua;73289821
24.06.2025 11:53:23;23;coffee_coffee_;coffee_coffee_;143876159
25.06.2025 11:56:49;10;uapixar;uapixar;51555329
26.06.2025 11:58:00;14;Mr_iPATRIK;mr_ipatrik;475084687
27.06.2025 11:49:50;15;Burat1nka;burat1nka;483739176
30.06.2025 11:53:26;12;sviaks;sviaks;80476370
01.07.2025 11:58:42;18;mobooshka_ua;mobooshka_ua;274967242
02.07.2025 11:53:14;17;vlad_2love;vlad_2love;1069220698
03.07.2025 12:07:32;37;Polivalko;polivalko;922829708
04.07.2025 11:50:33;19;uapixar;uapixar;51555329
07.07.2025 11:51:07;20;bar0sta;bar0sta;856629325
08.07.2025 11:54:57;14;uapixar;uapixar;51555329
09.07.2025 11:52:19;18;NERZHAVIYKA;nerzhaviyka;515735676
10.07.2025 11:48:56;17;slippeua;slippeua;85122051
11.07.2025 11:56:07;14;X_BreaD_Y;x_bread_y;93402691
14.07.2025 11:49:38;13;dianosauric;dianosauric;75991527
15.07.2025 11:50:55;10;yuzia_online;yuzia_online;667760847
16.07.2025 11:50:00;12;KETADEL_;ketadel_;428150797
17.07.2025 11:50:56;12;someone_who_cares_;someone_who_cares_;103472710
18.07.2025 11:50:30;13;Gone4GURO;gone4guro;491258687
21.07.2025 11:45:29;15;M3lk1n;m3lk1n;73494859
22.07.2025 11:51:20;19;sonialimm;sonialimm;261368078
23.07.2025 11:53:21;17;uapixar;uapixar;51555329
24.07.2025 11:52:24;17;vlad_2love;vlad_2love;1069220698
25.07.2025 12:03:42;16;Polivalko;polivalko;922829708
28.07.2025 12:05:15;21;Rion_Anya;rion_anya;868981296
29.07.2025 11:52:59;20;radioboyo;radioboyo;1096001927
30.07.2025 11:50:11;20;AtamanKIT;atamankit;856790187
31.07.2025 11:51:31;26;hevko0;hevko0;913740554
01.08.2025 11:55:48;21;did_cArp;did_carp;484291548
04.08.2025 11:50:30;26;Mr_iPATRIK;mr_ipatrik;475084687
05.08.2025 11:44:23;19;PeacekeeperUA;peacekeeperua;93555039
06.08.2025 11:52:09;17;Kevychka_Nastya;kevychka_nastya;268529598
07.08.2025 11:56:22;17;Trickster_Lis;trickster_lis;933453321
08.08.2025 11:58:02;28;AirKurgan;airkurgan;153201151
11.08.2025 12:02:32;33;zmiu_shka;zmiu_shka;1318754466
12.08.2025 11:40:27;23;evil_kaya;evil_kaya;1265887951
13.08.2025 11:57:29;15;INF_UA;inf_ua;617610668
14.08.2025 11:50:37;21;c1dol3mm;c1dol3mm;180250609
15.08.2025 11:49:11;12;Errorych_TV;noID-Errorych_TV;85043951
18.08.2025 11:49:59;17;kvitneva16;kvitneva16;636017659
19.08.2025 11:44:36;19;ZombaKEK;zombakek;797062828
20.08.2025 11:51:25;21;TeslaRoom;teslaroom;1180491518
21.08.2025 11:51:49;21;hevko0;hevko0;913740554
22.08.2025 11:43:55;18;Link2k;link2k;229462542
25.08.2025 11:54:32;20;diduspisdos;noID-diduspisdos;834150855
26.08.2025 11:49:54;19;nad1ch;nad1ch;792742806
27.08.2025 11:50:51;20;anna_trdatian;noID-anna_trdatian;701896080
28.08.2025 11:49:55;20;NemesiaUA;nemesiaua;279785620
29.08.2025 12:01:00;18;allidarsu;allidarsu;74272766
01.09.2025 11:51:08;5;yura_;yura_;87171855
02.09.2025 11:53:49;17;totoykaa;totoykaa;758751770
03.09.2025 11:50:04;17;katern_;katern_;558514205
04.09.2025 12:18:18;17;Polivalko;polivalko;922829708
05.09.2025 11:59:20;19;sviaks;sviaks;80476370
08.09.2025 11:52:35;16;rast0s;rast0s;95216967
09.09.2025 11:48:13;24;Loveduin_;noID-Loveduin_;157738358
10.09.2025 11:50:33;16;kaktusoidka;kaktusoidka;178193522
11.09.2025 11:51:56;19;juli_storm;juli_storm;1253144342
12.09.2025 11:51:02;8;softdimay;softdimay;140077007
15.09.2025 11:56:40;20;INF_UA;inf_ua;617610668
16.09.2025 11:58:53;17;MASLUYK;masluyk;956458350
17.09.2025 12:05:22;24;ElinPlay;elinplay;812988967
18.09.2025 11:56:48;17;KenkuVoid;kenkuvoid;1349198631
19.09.2025 11:54:54;20;ivcseries;ivcseries;1351322271
22.09.2025 11:48:30;18;ElinPlay;elinplay;812988967
23.09.2025 11:50:50;15;vikeeri;vikeeri;838745246
24.09.2025 11:53:19;18;h_o_r_b_e_l;h_o_r_b_e_l;140347827
25.09.2025 12:03:55;16;Token;token;473035147
26.09.2025 11:54:25;17;Krian__;krian__;887893101
29.09.2025 11:50:27;20;Smoky_Lion;noID-Smoky_Lion;415426783
30.09.2025 11:50:54;24;Krampus_play_;krampus_play_;884921621
01.10.2025 11:52:11;18;meowsay_;meowsay_;183458719
02.10.2025 11:54:26;24;Verem1enko;verem1enko;981007736
03.10.2025 11:52:27;13;xgh0st1kx;xgh0st1kx;165668346
06.10.2025 11:48:41;23;sviaks;sviaks;80476370
07.10.2025 11:53:33;32;Mr_iPATRIK;mr_ipatrik;475084687
08.10.2025 11:50:38;20;lamark_sk8;lamark_sk8;890047558
09.10.2025 11:59:53;11;jeleshka____;jeleshka____;997530212
10.10.2025 12:00:35;19;YUREV0;yurev0;116944396
13.10.2025 11:51:04;19;OJIiGaToP;ojiigatop;624885022
14.10.2025 11:55:51;20;ZombakUA;zombakua;265455860
15.10.2025 11:50:53;27;MilaTNM;milatnm;458057704
16.10.2025 11:46:34;22;k1ssizz;noID-k1ssizz;858144183
17.10.2025 12:18:57;16;hevko0;hevko0;913740554
20.10.2025 12:01:06;41;my_PIVNICH;my_pivnich;160985185
21.10.2025 12:05:46;22;THE_EZZIO;the_ezzio;1350998837
23.10.2025 11:55:00;9;ItsMoysha;itsmoysha;148862901
24.10.2025 12:03:35;15;yourpovilitel;yourpovilitel;167563270
27.10.2025 12:04:48;19;ElinPlay;elinplay;812988967
28.10.2025 09:58:43;17;UAYarinka;noID-UAYarinka;609550535
29.10.2025 12:04:07;32;ElinPlay;elinplay;812988967
30.10.2025 11:55:13;12;bubl0nok;bubl0nok;996080649
31.10.2025 12:02:48;19;kirarita_;kirarita_;1362303539
03.11.2025 11:58:21;19;KokosovaKoza;kokosovakoza;822202669
04.11.2025 11:57:03;29;totoykaa;totoykaa;758751770
05.11.2025 11:52:43;19;THE_EZZIO;the_ezzio;1350998837
06.11.2025 11:54:59;16;7vovk;7vovk;39435939
07.11.2025 11:57:07;24;Chill_girl18;chill_girl18;1184673778
10.11.2025 11:56:53;26;lefteye_ars;lefteye_ars;1322880274
11.11.2025 11:53:03;21;Stop_me_2;stop_me_2;39875316
12.11.2025 11:53:10;17;Bananium_;bananium_;96196417
13.11.2025 11:55:48;22;Bananium_;bananium_;96196417
14.11.2025 11:57:19;20;Polivalko;polivalko;922829708
17.11.2025 11:58:09;17;NERZHAVIYKA;nerzhaviyka;515735676
18.11.2025 11:51:42;14;quarryck;quarryck;72083925
19.11.2025 11:52:54;16;thisnaia;thisnaia;1345340690
20.11.2025 11:54:36;15;Morymukh;morymukh;42427036
21.11.2025 11:56:57;20;Polivalko;polivalko;922829708
24.11.2025 11:51:13;16;ElinPlay;elinplay;812988967
25.11.2025 11:52:08;16;THE_EZZIO;the_ezzio;1350998837
26.11.2025 12:01:35;17;GAME_EMOTION_;game_emotion_;151999509
27.11.2025 11:57:02;19;INF_UA;inf_ua;617610668
28.11.2025 11:56:08;19;IhorokTV;ihoroktv;278777992
01.12.2025 11:54:50;27;varenechkimoyi;varenechkimoyi;465624026
02.12.2025 11:56:59;21;Finka_o;finka_o;780271021
03.12.2025 11:50:52;28;AkadoPB;akadopb;1103884032
04.12.2025 11:51:34;26;allidarsu;allidarsu;74272766
05.12.2025 11:55:06;15;ElinPlay;elinplay;812988967
08.12.2025 11:54:40;19;viki_mois;viki_mois;948338771
09.12.2025 11:52:04;17;mr__brom;mr__brom;909021774
10.12.2025 12:00:42;26;THE_EZZIO;the_ezzio;1350998837
11.12.2025 11:53:39;19;UAYarinka;noID-UAYarinka;609550535
12.12.2025 11:48:37;15;mr__brom;mr__brom;909021774
15.12.2025 11:54:11;17;yuli_chka_;yuli_chka_;746391123
16.12.2025 11:50:53;22;NeoHomka;neohomka;60413932
17.12.2025 11:57:38;17;JuicyJuice_CG;juicyjuice_cg;541711972
18.12.2025 11:52:50;20;Olejandrooo;olejandrooo;1031554160
19.12.2025 11:59:10;16;Trickster_Lis;trickster_lis;933453321
22.12.2025 11:54:39;30;didusyk;didusyk;834150855
23.12.2025 11:56:06;14;INF_UA;inf_ua;617610668
25.12.2025 11:53:24;15;Stop_me_2;stop_me_2;39875316
26.12.2025 11:57:02;18;stervo_;stervo_;1287145349
29.12.2025 12:00:36;22;mari_pugster;mari_pugster;818780081
30.12.2025 11:59:47;16;fate_221;fate_221;440827026
31.12.2025 12:01:38;16;Polivalko;polivalko;922829708
01.01.2026 11:58:15;13;skipper_9;skipper_9;117946638
02.01.2026 11:53:27;19;mr__brom;mr__brom;909021774
05.01.2026 12:01:17;24;izumkaua;izumkaua;1009743892
06.01.2026 11:58:02;23;bastetvibe;bastetvibe;1282363230
07.01.2026 11:49:00;12;viktoriiamasiuk;viktoriiamasiuk;1347313819
08.01.2026 11:56:02;16;acousticua;acousticua;137424542
09.01.2026 11:56:00;29;Polivalko;polivalko;922829708
12.01.2026 11:52:08;21;Moos1n_;moos1n_;1376929931
13.01.2026 11:59:12;25;Kimimyra;kimimyra;556303155
14.01.2026 11:59:18;16;lamark_sk8;lamark_sk8;890047558
15.01.2026 11:59:08;17;INF_UA;inf_ua;617610668
16.01.2026 11:56:20;17;rud_ex;rud_ex;1155979197
19.01.2026 11:59:38;24;THE_EZZIO;the_ezzio;1350998837
20.01.2026 12:02:26;21;Pearlynka;pearlynka;609550535
21.01.2026 12:00:39;14;zatyshok;zatyshok;478384645
22.01.2026 11:55:14;12;rud_ex;rud_ex;1155979197
23.01.2026 11:58:46;20;jeleshka____;jeleshka____;997530212
26.01.2026 11:52:04;20;OJIiGaToP;ojiigatop;624885022
27.01.2026 11:57:57;17;TkachenkoX;tkachenkox;255529125
28.01.2026 11:59:05;25;rud_ex;rud_ex;1155979197
29.01.2026 11:45:46;20;sviaks;sviaks;80476370
30.01.2026 12:01:17;16;Polivalko;polivalko;922829708
02.02.2026 12:00:46;31;izumkaua;izumkaua;1009743892
03.02.2026 12:08:16;15;fajnadivka;fajnadivka;662186636
04.02.2026 11:58:31;13;dryapchik;dryapchik;1031173464
05.02.2026 12:00:05;26;rud_ex;rud_ex;1155979197
06.02.2026 12:02:57;28;ggrusha_art;ggrusha_art;85848609
09.02.2026 12:02:36;23;Sedunox;sedunox;438462725
10.02.2026 12:01:38;14;Muff1n04;muff1n04;803048337
11.02.2026 12:03:13;19;v1llan3lle;v1llan3lle;1325059609
12.02.2026 11:50:39;26;fon_vt;fon_vt;1320961144
13.02.2026 11:52:48;25;the_k1nder;the_k1nder;1232081560
16.02.2026 12:03:25;17;rud_ex;rud_ex;1155979197
17.02.2026 11:57:16;22;dovodd_;noID-dovodd_;500622981
18.02.2026 11:56:46;24;volodymyr5059;volodymyr5059;178492721
19.02.2026 11:58:58;15;glvkrn_;noID-glvkrn_;753036644
23.02.2026 12:00:46;25;hheliac;hheliac;446615979
24.02.2026 11:56:22;22;THE_EZZIO;the_ezzio;1350998837
25.02.2026 12:00:01;20;TeslaRoom;teslaroom;1180491518
26.02.2026 12:01:56;14;FreakyFreakyMykola;freakyfreakymykola;1325036886
27.02.2026 11:55:49;28;oldfluppy;oldfluppy;468048645
02.03.2026 12:00:06;23;Bananium_;bananium_;96196417
03.03.2026 12:00:46;20;Dobra_Divka;dobra_divka;180846034
04.03.2026 11:56:45;27;JuicyJuice_CG;juicyjuice_cg;541711972
05.03.2026 11:54:22;24;karus1k;karus1k;1107796647
06.03.2026 12:01:27;23;pumpkinn_8;pumpkinn_8;411428879
09.03.2026 11:59:02;15;sviaks;sviaks;80476370
10.03.2026 11:56:22;23;totoykaa;totoykaa;758751770
11.03.2026 11:57:52;20;Kitilyn;kitilyn;139761309
12.03.2026 12:01:25;22;kvitka_olexandra;kvitka_olexandra;1408351145
13.03.2026 11:56:31;24;veron_pomidor;veron_pomidor;1456908420
16.03.2026 11:59:32;22;Bananium_;bananium_;96196417
17.03.2026 11:59:18;30;NemesiaUA;nemesiaua;279785620
18.03.2026 11:57:57;27;rud_ex;rud_ex;1155979197
19.03.2026 12:02:22;19;quarryck;quarryck;72083925
20.03.2026 12:01:32;20;Ong_Ba;ong_ba;1269317992
23.03.2026 11:55:48;27;vvcherry;vvcherry;820076187
24.03.2026 11:54:23;22;lucii7vel;lucii7vel;143318083
25.03.2026 12:02:15;20;Veron_Khalepa;veron_khalepa;808000468
26.03.2026 12:00:45;21;the_calmest;the_calmest;662026884
27.03.2026 12:05:30;25;acousticua;acousticua;137424542
30.03.2026 12:02:00;27;DMTRNKOO;dmtrnkoo;843757037
31.03.2026 12:03:11;22;the_calmest;the_calmest;662026884
01.04.2026 12:08:02;19;beeink96;beeink96;977882630
06.04.2026 12:03:53;22;BarbieSoSerious;barbiesoserious;175408267
07.04.2026 11:51:26;20;Janetty_y;janetty_y;814815500
08.04.2026 11:56:34;17;Fotograf_UA;fotograf_ua;982709291
09.04.2026 12:06:13;15;Nerdan;nerdan;90639639
10.04.2026 11:56:05;20;meluriya;meluriya;1128515450
13.04.2026 11:59:13;17;yarosfactory;yarosfactory;1467396782
14.04.2026 12:03:48;21;ayc_loli;ayc_loli;778096669
15.04.2026 12:04:02;19;kuzhel_;kuzhel_;874521084
16.04.2026 12:00:55;19;beeink96;beeink96;977882630
17.04.2026 12:12:00;23;did_cArp;did_carp;484291548
20.04.2026 12:04:11;17;neyron90;neyron90;756894136
21.04.2026 11:58:14;18;Trickster_Lis;trickster_lis;933453321
23.04.2026 00:02:32;17;foxenkko;foxenkko;156152825
23.04.2026 12:01:18;22;yarosfactory;yarosfactory;1467396782
24.04.2026 11:57:13;21;pask3vych;pask3vych;500285101
27.04.2026 11:53:39;24;juli_storm;juli_storm;1253144342
28.04.2026 12:00:50;22;v0ld3n_;v0ld3n_;882888715
29.04.2026 12:05:04;19;anna_trdatian;noID-anna_trdatian;701896080
30.04.2026 12:04:11;21;rud_ex;rud_ex;1155979197
01.05.2026 11:59:35;28;hevko0;hevko0;913740554
04.05.2026 12:00:52;32;THE_EZZIO;the_ezzio;1350998837
05.05.2026 12:06:41;35;glvkrn_;noID-glvkrn_;753036644
06.05.2026 12:01:53;23;yarosfactory;yarosfactory;1467396782
07.05.2026 12:03:31;17;Nerdan;nerdan;90639639
08.05.2026 12:08:34;29;jeleshka____;jeleshka____;997530212
11.05.2026 11:59:17;19;yarosfactory;yarosfactory;1467396782
12.05.2026 11:59:51;19;beeink96;beeink96;977882630
13.05.2026 11:55:11;23;azi4ok;azi4ok;897270311
14.05.2026 12:03:29;53;NERZHAVIYKA;nerzhaviyka;515735676
15.05.2026 11:58:24;25;Stop_me_2;stop_me_2;39875316
18.05.2026 12:01:24;23;OutForBlood_;outforblood_;108441819
19.05.2026 12:03:17;17;ob1_onekenobi;ob1_onekenobi;618682206
20.05.2026 12:01:56;23;lebudka;lebudka;1419405900
21.05.2026 12:00:14;24;mewilis;mewilis;512362191
22.05.2026 12:03:06;28;cakeislieee;cakeislieee;143754454
25.05.2026 12:00:48;19;MadHunterUA;madhunterua;66201170
26.05.2026 11:59:33;17;beeink96;beeink96;977882630
27.05.2026 12:06:39;20;SAN40WOLF_;san40wolf_;31968862
28.05.2026 11:59:36;32;V0ltm4n;v0ltm4n;55054561
29.05.2026 12:05:22;17;pask3vych;pask3vych;500285101
01.06.2026 12:01:18;27;juli_storm;juli_storm;1253144342
02.06.2026 11:56:19;38;aidenxgo;aidenxgo;517993359
03.06.2026 11:58:35;29;V0ltm4n;v0ltm4n;55054561
04.06.2026 12:00:49;19;yarosfactory;yarosfactory;1467396782
05.06.2026 12:02:37;38;glvkrn_;noID-glvkrn_;753036644
08.06.2026 12:06:23;21;vikeeri;vikeeri;838745246
09.06.2026 12:03:38;22;beeink96;beeink96;977882630
10.06.2026 12:07:09;33;soroch1n;soroch1n;500622981
11.06.2026 12:04:29;26;v1llan3lle;v1llan3lle;1325059609
12.06.2026 12:04:48;24;the_calmest;the_calmest;662026884
15.06.2026 11:56:08;29;di_ametr;di_ametr;1298241037
16.06.2026 12:01:38;24;alexaart_live;alexaart_live;1485697303
17.06.2026 11:56:48;42;karus1k;karus1k;1107796647
18.06.2026 11:51:00;19;AuroraKrylova;aurorakrylova;1411996528
19.06.2026 12:00:48;25;cakeislieee;cakeislieee;143754454
22.06.2026 11:56:52;21;AuroraKrylova;aurorakrylova;1411996528
22.06.2026 11:59:12;33;yarosfactory;yarosfactory;1467396782
23.06.2026 11:55:28;19;AuroraKrylova;aurorakrylova;1411996528
24.06.2026 11:55:04;22;ArdenLich;ardenlich;173214102
25.06.2026 12:01:14;27;MrXrayMR;mrxraymr;730175509
26.06.2026 11:56:43;20;foxenkko;foxenkko;156152825
29.06.2026 11:57:44;21;AuroraKrylova;aurorakrylova;1411996528
30.06.2026 11:57:37;22;NikCooper007;nikcooper007;850917232
01.07.2026 11:58:00;21;cakeislieee;cakeislieee;143754454
02.07.2026 11:55:45;21;LastikKsu;lastikksu;877264694
03.07.2026 11:54:54;22;SivoLur;sivolur;720694699
06.07.2026 11:55:33;23;allidarsu;allidarsu;74272766
07.07.2026 11:58:47;20;DamnitShark;damnitshark;727521306
08.07.2026 11:57:04;16;di_ametr;di_ametr;1298241037
09.07.2026 12:00:37;20;juli_storm;juli_storm;1253144342
10.07.2026 11:54:41;17;juli_storm;juli_storm;1253144342
13.07.2026 12:00:58;22;itsFeles;itsfeles;891914543
14.07.2026 12:03:24;9;yar_mot;yar_mot;970156671
15.07.2026 12:07:32;25;CrystalSun_;crystalsun_;189918663
16.07.2026 12:01:03;17;oleksandr986;oleksandr986;1487368818
17.07.2026 12:00:31;18;hevko0;hevko0;913740554
20.07.2026 11:57:29;17;hikrop;hikrop;701514340
21.07.2026 11:56:33;21;hevko0;hevko0;913740554
22.07.2026 12:03:25;18;drak_painters;drak_painters;1304083758
23.07.2026 11:59:24;21;AuroraKrylova;aurorakrylova;1411996528
24.07.2026 11:57:29;23;Riomyri;riomyri;802386806
27.07.2026 12:10:01;14;yarosfactory;yarosfactory;1467396782
28.07.2026 12:05:41;15;Deko6;deko6;927738941
29.07.2026 11:59:28;18;lilpersyk;lilpersyk;989810826
30.07.2026 12:02:07;19;zmiu_shka;zmiu_shka;1318754466
31.07.2026 11:59:24;13;beeink96;beeink96;977882630
03.08.2026 11:57:18;22;mr__brom;mr__brom;909021774
04.08.2026 11:56:13;20;AuroraKrylova;aurorakrylova;1411996528
05.08.2026 11:58:34;15;nimbleem;nimbleem;455689295
06.08.2026 11:56:30;9;yarosfactory;yarosfactory;1467396782
07.08.2026 12:01:16;13;imZharkovka;imzharkovka;1500679166
10.08.2026 12:02:51;25;yarosfactory;yarosfactory;1467396782
11.08.2026 12:00:31;24;beeink96;beeink96;977882630
12.08.2026 11:59:08;22;ArdenLich;ardenlich;173214102
13.08.2026 11:59:55;17;reminderua;reminderua;800223780
14.08.2026 12:00:56;14;juli_storm;juli_storm;1253144342
17.08.2026 11:57:30;25;AuroraKrylova;aurorakrylova;1411996528
18.08.2026 12:00:34;19;beeink96;beeink96;977882630
19.08.2026 12:03:23;12;Vamp1o;vamp1o;261525345
20.08.2026 11:57:57;24;rud_ex;rud_ex;1155979197
21.08.2026 11:58:48;12;pumpkinn_8;pumpkinn_8;411428879
24.08.2026 12:00:02;17;YevheniiPel;yevheniipel;90456892
25.08.2026 11:58:36;23;h1bikii;h1bikii;185099792
26.08.2026 11:59:49;27;Trickster_Lis;trickster_lis;933453321
27.08.2026 12:00:57;26;holygrassbaby;holygrassbaby;927087670
28.08.2026 11:59:35;17;AkadoPB;akadopb;1103884032
31.08.2026 11:58:42;16;the_calmest;the_calmest;662026884
01.09.2026 11:57:48;15;AuroraKrylova;aurorakrylova;1411996528
02.09.2026 11:58:08;22;kropyvka_;kropyvka_;1241358466
03.09.2026 11:56:37;22;Jane_InGlasses;jane_inglasses;838660494
04.09.2026 11:57:33;14;ArdenLich;ardenlich;173214102
07.09.2026 11:57:12;29;luck__3;luck__3;185061199
08.09.2026 11:57:07;20;beeink96;beeink96;977882630
09.09.2026 12:01:07;23;AuroraKrylova;aurorakrylova;1411996528
10.09.2026 11:56:48;26;beeink96;beeink96;977882630
11.09.2026 11:58:37;21;Yu_GGy;yu_ggy;1528295061
14.09.2026 11:58:11;24;CalypsoPAW;calypsopaw;424313813
15.09.2026 11:59:06;20;dryapchik;dryapchik;1031173464
16.09.2026 12:00:27;24;did_cArp;did_carp;484291548
17.09.2026 12:00:15;25;AkadoPB;akadopb;1103884032
18.09.2026 11:59:34;19;beeink96;beeink96;977882630
21.09.2026 12:00:43;22;Prorok_UA;prorok_ua;667045492
22.09.2026 11:57:02;19;lebudka;lebudka;1419405900
23.09.2026 11:56:59;24;OlekVoid;olekvoid;1308255059
24.09.2026 12:00:41;17;miolinna;miolinna;1525043130
25.09.2026 12:00:36;16;di_ametr;di_ametr;1298241037
28.09.2026 12:00:16;19;podolyanka_;podolyanka_;793822977
29.09.2026 12:01:33;15;puls_nova;puls_nova;1378241330
30.09.2026 11:58:55;24;sergii30d;sergii30d;1540743619
01.10.2026 12:00:54;23;yarosfactory;yarosfactory;1467396782
02.10.2026 11:59:59;31;ZHURAVELLE;zhuravelle;1530193487
